{"LocKey":"7b7ccd23","HierarchyPath":"Dialogues-Letters","EntryName":"Letter1","Translations":{"Debug":"Her father loved me, oft invited me;\r\nStill questioned me the story of my life\r\nFrom year to year \u2014 the battles, sieges, fortunes\r\nThat I have passed.\r\nI ran it through, even from my boyish days\r\nTo th\u2019 very moment that he bade me tell it.\r\nWherein I spoke of most diastrous chances,\r\nOf moving accidents by flood and field;\r\nOf hairbreadth scapes i\u2019 the\u2019 imminent deadly breach;\r\nOf being taken by the insolent foe\r\nAnd sold to slavery; of my redemption thence\r\nAnd portance in my travels\u2019 history;\r\nWherein of anters vast and deserts idle,\r\nRough quarries, rocks, and hills whose heads touch heaven,\r\nIt was my hint to speak \u2014 such was the process;\r\nAnd of the Cannibals that each other eat,\r\nThe Anthropophagi, and men whose heads\r\nDo grow beneath their shoulders. This to hear\r\nWould Desdemona seriously incline;\r\nBut still the house affairs would draw her thence;\r\nWhich ever she could with haste dispatch,\r\nShe\u2019ld come again, and with a greedy ear\r\nDevour up my discourse. Which I observing,\r\nTook once a pliant hour, and found good means\r\nTo draw from her a prayer of earnest heart\r\nThat I would all my pilgrimage dilate,\r\nWhereof by parcels she had something heard,\r\nBut not intentively. I did consent,\r\nAnd often did beguile her of her tears\r\nWhen I did speak of some distressful stroke\r\nThat my youth suffered. My story being done,\r\nShe gave me for my pains a world of sighs.\r\nShe swore, i\u2019 faith, \u2019twas strange, \u2019twas passing strange;\r\n\u2018Twas pitiful, \u2019twas wondrous pitiful.\r\nShe wished she had not heard it; yet she wished\r\nThat heaven had made her such a man. She thanked me;\r\nAnd bade me, if I had a friend that loved her,\r\nI should but teach him how to tell my story,\r\nAnd that would woo her. Upon this hint I spake.\r\nShe loved me for the dangers I had passed,\r\nAnd I loved her that she did pity them.\r\nThis only is the witchcraft I have used."}}