{"LocKey":"f4b1fdd6","HierarchyPath":"Dialogues-Letters","EntryName":"Letter3","Translations":{"Debug":"Hogwarts School of Witchcraft and Wizardry\r\nHeadmaster: Albus Dumbledore (Order of Merlin, First Class, Grand Sorc., Chf. Warlock, Supreme Mugwump, International Confed. of Wizards)\r\n\r\nDear Student,\r\n\r\nWe are pleased to inform you that you have been accepted at Hogwarts School of Witchcraft and Wizardry. Please find enclosed a list of all necessary books and equipment. Term begins on September 1. We await your owl by no later than July 31.\r\n\r\nYours sincerely,\r\nMinerva McGonagall Deputy Headmistress\r\n\r\n\r\nUNIFORM: \r\n1. Three sets of plain work robes (black) \r\n2. One plain pointed hat (black) for day wear \r\n3. One pair of protective gloves (dragon hide or similar) \r\n4. One winter cloak (black, with silver fastenings) \r\n\r\nCOURSE BOOKS:\r\nThe Standard Book of Spells (Grade 1) by Miranda Goshawk\r\nA History of Magic by Bathilda Bagshot\r\nMagical Theory by Adalbert Waffling\r\nA Beginner\u0027s Guide to Transfiguration by Emeric Switch\r\nOne Thousand Magical Herbs and Fungi by Phyllida Spore\r\nMagical Drafts and Potions by Arsenius Jigger\r\nFantastic Beasts and Where to Find Them by Newt Scamander\r\nThe Dark Forces: A Guide to Self-Protection by Quentin Trimble\r\n\r\nOTHER EQUIPMENT\r\n1 wand\r\n1 cauldron (pewter, standard size 2)\r\n1 set glass or crystal phials\r\n1 telescope\r\n1 set brass scales\r\nStudents may also bring an owl OR a cat OR a toad.\r\n\r\nPARENTS ARE REMINDED THAT FIRST YEARS ARE NOT ALLOWED THEIR OWN BROOMSTICK"}}