{"LocKey":"909283dd","HierarchyPath":"Dialogues-Letters","EntryName":"Letter2","Translations":{"Debug":"Peel the potatoes and the onions. Grate themand place a strainer over a large bowl. Place the grated potato mass onto a strainer and press - keep remaining water! Blend potato/onion mash together with eggs and flour. Add minced garlic (for savoury pancakes only). Take the bowl with the excess water, remove the liquid leaving the thicker potato starch at the bottom. Add that starch into our potato pancake mass. Add 1 tablespoon of sour cream, season with salt and pepper. Mix together well, fry on both sides (roughly 3-5 minutes each side) until golden. Optional step: To remove excessive fat, move fried pancakes onto a paper towel before serving.\r\nServe with sour cream and sprinkle with chopped herbs."}}